name,description,tags
Page of Wands,Followup. Draw 1,Act
Knight of Wands,Followup. Advance 1 hour,Act
Ace of Pentacles,+1 to any Hour Hand,Act
Two of Cups,x2 to any Hand,Act
Three of Wands,+2 to any Minute Hand,Act
Six of Swords,Discard hand. Draw that many,Act
Seven of Swords,Use the Act on the opposite side of this card,Act
Five of Pentacles,Set any Hand to 1,Act
Two of Pentacles,Target player. -1 to their Hour Hand. +1 to their Minute Hand,Act
Two of Swords,Followup. Swap any 2 cards on the Clock,Act
Eight of Wands,Advance 2 hours,Act
Ace of Swords,+1 to all Hands,Act
Five of Swords,-1 to any Hand,Act
Page of Cups,Gain a Second Hand only for next turn,Act
Six of Cups,Rewind 1 hour,Act
Ten of Swords,Followup. -2 to the Hand whom touched the Clock,Act
Three of Cups,Prophecy. Discard a card to activate any Acts on the Clock,Act
Four of Cups,Followup. Discard a card,Act
King of Swords,Target player. Set their Minute Hand to 5. Set their Hour Hand to 1,Act
Seven of Wands,"Prophecy. When a Hand loses Hands, discard this to negate it",Act
Six of Pentacles,"Prophecy. When a Hand gains Hands, discard this to gain that many",Act
Eight of Swords,Halve any Hand (rounded down),Act
Eight of Cups,Prophecy. Discard hand to advance 1 hour,Act
Four of Pentacles,Attach this to a hand. -1 max hour to attached hand,Act
Ace of Wands,Swap any 2 Minute Hands or Hour Hands with each other,Act
Two of Wands,Play another Act to the next hour. Replace it if it's occupied,Act
Four of Wands,Discard this card and the next Act,Act
Five of Wands,Prophecy. Discard this card to negate an Act being played,Act
Six of Wands,Advance 6 hours,Act
Nine of Wands,The Act on the opposite side cannot be replace or discarded,Act
Ten of Wands,Rewind 3 hours,Act
Queen of Wands,Set the Clock to hour 6,Act
King of Wands,Followup. +1 to all Hands,Act
Ace of Cups,All players draw 6 cards,Act
Five of Cups,Draw a card of choice in the discard pile,Act
Seven of Cups,Play the top card of the draw pile face down,Act
Nine of Cups,Start a new round,Act
Ten of Cups,Advance hours equal to the Hand whom touched the Clock,Act
Knight of Cups,Discard cards equal to the Hand whom touched the Clock,Act
Queen of Cups,Swap this card with an Act before,Act
King of Cups,Discard a card. Steal a card from another player's hand,Act
Three of Swords,Discard the next Act,Act
Four of Swords,Discard all cards from hour 1 to hour 6,Act
Nine of Swords,Advance 3 hours. Rewind 2 hours,Act
Knight of Swords,Followup. Discard a card. Advance 4 hours,Act
Queen of Swords,Followup. Discard a card,Act
Three of Pentacles,Give another player a card,Act
Seven of Pentacles,Advance 1 hour. Draw this card,Act
Eight of Pentacles,Followup. Rewind 1 hour,Act
Nine of Pentacles,Advance 1 hour. Advance an additional hour for each time the Clock has advanced this sequence,Act
Ten of Pentacles,Prophecy. Discard this card to advance to the next Destiny,Act
Page of Pentacles,"While at this hour, Prophecies cannot be played",Act
Knight of Pentacles,"Advance 1 hour. Then, discard 2 cards to activate this card again. This effect may be repeated",Act
Queen of Pentacles,Followup. Rewind 3 hours,Act
King of Pentacles,Prophecy. Discard this to negate a Hand being destroyed. Set that Hand to 1,Act
Page of Swords,Adjacent cards are always face up,Act
Wheel of Fortune,Rotate all cards on the Clock clockwise,Destiny
The Hanged Man,Gain another Hour Hand or Minute Hand this round,Destiny
The Magician,Swap this card with the card on the opposite side,Destiny
Judgement,Shuffle cards in discard to deck,Destiny
The Lovers,Gain a Second Hand this round,Destiny
The Fool,Play all cards in hand,Destiny
The Empress,x2 all Hands,Destiny
Temperance,Followup. All players draw 2 cards,Destiny
The Chariot,Extinguish the Candle of the Hand whom touched the Clock,Destiny
Strength,Set a Hand to 5,Destiny
Justice,Set all Hands to the amount equal to the Hand whom touched the Clock,Destiny
The Miracle,Relit a Candle,Destiny
The Devil,Destroy the hand whom touched the Clock. Draw 6 cards,Destiny
The Tower,Attach this to a Minute Hand. -2 max hour to attached hand,Destiny
Death,Discard an Act in play,Destiny
The World,Advance to hour 1,Destiny
The Emperor,Destroy any hand,Destiny
The Finale,Permanently remove this card and this hour from the game,Destiny
The High Priestess,Shuffle all cards on the clock into a deck then return them face down,Destiny
The Hermit,Effects of Acts before and after this Act activates twice,Destiny
The Star,Extinguish a candle from the player with the most lit candles (nothing on ties),Destiny
The Moon,Replace the Act on the opposite side with a Destiny card,Destiny
The Sun,Discard all face up Destinies on the Clock,Destiny
The Hierophant,Set all Hands to 1,Destiny