type,face,back,name,description,tags
Card,https://raw.githubusercontent.com/JackTBZ/TTS_Files/refs/heads/main/STDs/Acts/Page%20of%20Wands%20-%20STDs%20-%20Acts.png,https://raw.githubusercontent.com/JackTBZ/TTS_Files/refs/heads/main/STDs/cardback.png,Page of Wands,Followup. Draw 1,Act
Card,https://raw.githubusercontent.com/JackTBZ/TTS_Files/refs/heads/main/STDs/Acts/Knight%20of%20Wands%20-%20STDs%20-%20Acts.png,https://raw.githubusercontent.com/JackTBZ/TTS_Files/refs/heads/main/STDs/cardback.png,Knight of Wands,Followup. Advance 1 hour,Act
Card,https://raw.githubusercontent.com/JackTBZ/TTS_Files/refs/heads/main/STDs/Acts/Ace%20of%20Pentacles%20-%20STDs%20-%20Acts.png,https://raw.githubusercontent.com/JackTBZ/TTS_Files/refs/heads/main/STDs/cardback.png,Ace of Pentacles,+1 to any Hour Hand,Act
Card,https://raw.githubusercontent.com/JackTBZ/TTS_Files/refs/heads/main/STDs/Acts/Two%20of%20Cups%20-%20STDs%20-%20Acts.png,https://raw.githubusercontent.com/JackTBZ/TTS_Files/refs/heads/main/STDs/cardback.png,Two of Cups,x2 to any Hand,Act
Card,https://raw.githubusercontent.com/JackTBZ/TTS_Files/refs/heads/main/STDs/Acts/Three%20of%20Wands%20-%20STDs%20-%20Acts.png,https://raw.githubusercontent.com/JackTBZ/TTS_Files/refs/heads/main/STDs/cardback.png,Three of Wands,+2 to any Minute Hand,Act
Card,https://raw.githubusercontent.com/JackTBZ/TTS_Files/refs/heads/main/STDs/Acts/Six%20of%20Swords%20-%20STDs%20-%20Acts.png,https://raw.githubusercontent.com/JackTBZ/TTS_Files/refs/heads/main/STDs/cardback.png,Six of Swords,Discard hand. Draw that many,Act
Card,https://raw.githubusercontent.com/JackTBZ/TTS_Files/refs/heads/main/STDs/Acts/Seven%20of%20Swords%20-%20STDs%20-%20Acts.png,https://raw.githubusercontent.com/JackTBZ/TTS_Files/refs/heads/main/STDs/cardback.png,Seven of Swords,Use the Act on the opposite side of this card,Act
Card,https://raw.githubusercontent.com/JackTBZ/TTS_Files/refs/heads/main/STDs/Acts/Five%20of%20Pentacles%20-%20STDs%20-%20Acts.png,https://raw.githubusercontent.com/JackTBZ/TTS_Files/refs/heads/main/STDs/cardback.png,Five of Pentacles,Set any Hand to 1,Act
Card,https://raw.githubusercontent.com/JackTBZ/TTS_Files/refs/heads/main/STDs/Acts/Two%20of%20Pentacles%20-%20STDs%20-%20Acts.png,https://raw.githubusercontent.com/JackTBZ/TTS_Files/refs/heads/main/STDs/cardback.png,Two of Pentacles,Target player. -1 to their Hour Hand. +1 to their Minute Hand,Act
Card,https://raw.githubusercontent.com/JackTBZ/TTS_Files/refs/heads/main/STDs/Acts/Two%20of%20Swords%20-%20STDs%20-%20Acts.png,https://raw.githubusercontent.com/JackTBZ/TTS_Files/refs/heads/main/STDs/cardback.png,Two of Swords,Followup. Swap any 2 cards on the Clock,Act
Card,https://raw.githubusercontent.com/JackTBZ/TTS_Files/refs/heads/main/STDs/Acts/Eight%20of%20Wands%20-%20STDs%20-%20Acts.png,https://raw.githubusercontent.com/JackTBZ/TTS_Files/refs/heads/main/STDs/cardback.png,Eight of Wands,Advance 2 hours,Act
Card,https://raw.githubusercontent.com/JackTBZ/TTS_Files/refs/heads/main/STDs/Acts/Ace%20of%20Swords%20-%20STDs%20-%20Acts.png,https://raw.githubusercontent.com/JackTBZ/TTS_Files/refs/heads/main/STDs/cardback.png,Ace of Swords,+1 to all Hands,Act
Card,https://raw.githubusercontent.com/JackTBZ/TTS_Files/refs/heads/main/STDs/Acts/Five%20of%20Swords%20-%20STDs%20-%20Acts.png,https://raw.githubusercontent.com/JackTBZ/TTS_Files/refs/heads/main/STDs/cardback.png,Five of Swords,-1 to any Hand,Act
Card,https://raw.githubusercontent.com/JackTBZ/TTS_Files/refs/heads/main/STDs/Acts/Page%20of%20Cups%20-%20STDs%20-%20Acts.png,https://raw.githubusercontent.com/JackTBZ/TTS_Files/refs/heads/main/STDs/cardback.png,Page of Cups,Gain a Second Hand only for next turn,Act
Card,https://raw.githubusercontent.com/JackTBZ/TTS_Files/refs/heads/main/STDs/Acts/Six%20of%20Cups%20-%20STDs%20-%20Acts.png,https://raw.githubusercontent.com/JackTBZ/TTS_Files/refs/heads/main/STDs/cardback.png,Six of Cups,Rewind 1 hour,Act
Card,https://raw.githubusercontent.com/JackTBZ/TTS_Files/refs/heads/main/STDs/Acts/Ten%20of%20Swords%20-%20STDs%20-%20Acts.png,https://raw.githubusercontent.com/JackTBZ/TTS_Files/refs/heads/main/STDs/cardback.png,Ten of Swords,Followup. -2 to the Hand whom touched the Clock,Act
Card,https://raw.githubusercontent.com/JackTBZ/TTS_Files/refs/heads/main/STDs/Acts/Three%20of%20Cups%20-%20STDs%20-%20Acts.png,https://raw.githubusercontent.com/JackTBZ/TTS_Files/refs/heads/main/STDs/cardback.png,Three of Cups,Prophecy. Discard a card to activate any Acts on the Clock,Act
Card,https://raw.githubusercontent.com/JackTBZ/TTS_Files/refs/heads/main/STDs/Acts/Four%20of%20Cups%20-%20STDs%20-%20Acts.png,https://raw.githubusercontent.com/JackTBZ/TTS_Files/refs/heads/main/STDs/cardback.png,Four of Cups,Followup. Discard a card,Act
Card,https://raw.githubusercontent.com/JackTBZ/TTS_Files/refs/heads/main/STDs/Acts/King%20of%20Swords%20-%20STDs%20-%20Acts.png,https://raw.githubusercontent.com/JackTBZ/TTS_Files/refs/heads/main/STDs/cardback.png,King of Swords,Target player. Set their Minute Hand to 5. Set their Hour Hand to 1,Act
Card,https://raw.githubusercontent.com/JackTBZ/TTS_Files/refs/heads/main/STDs/Acts/Seven%20of%20Wands%20-%20STDs%20-%20Acts.png,https://raw.githubusercontent.com/JackTBZ/TTS_Files/refs/heads/main/STDs/cardback.png,Seven of Wands,"Prophecy. When a Hand loses Hands, discard this to negate it",Act
Card,https://raw.githubusercontent.com/JackTBZ/TTS_Files/refs/heads/main/STDs/Acts/Six%20of%20Pentacles%20-%20STDs%20-%20Acts.png,https://raw.githubusercontent.com/JackTBZ/TTS_Files/refs/heads/main/STDs/cardback.png,Six of Pentacles,"Prophecy. When a Hand gains Hands, discard this to gain that many",Act
Card,https://raw.githubusercontent.com/JackTBZ/TTS_Files/refs/heads/main/STDs/Acts/Eight%20of%20Swords%20-%20STDs%20-%20Acts.png,https://raw.githubusercontent.com/JackTBZ/TTS_Files/refs/heads/main/STDs/cardback.png,Eight of Swords,Halve any Hand (rounded down),Act
Card,https://raw.githubusercontent.com/JackTBZ/TTS_Files/refs/heads/main/STDs/Acts/Eight%20of%20Cups%20-%20STDs%20-%20Acts.png,https://raw.githubusercontent.com/JackTBZ/TTS_Files/refs/heads/main/STDs/cardback.png,Eight of Cups,Prophecy. Discard hand to advance 1 hour,Act
Card,https://raw.githubusercontent.com/JackTBZ/TTS_Files/refs/heads/main/STDs/Acts/Four%20of%20Pentacles%20-%20STDs%20-%20Acts.png,https://raw.githubusercontent.com/JackTBZ/TTS_Files/refs/heads/main/STDs/cardback.png,Four of Pentacles,Attach this to a hand. -1 max hour to attached hand,Act
Card,https://raw.githubusercontent.com/JackTBZ/TTS_Files/refs/heads/main/STDs/Acts/Ace%20of%20Wands%20-%20STDs%20-%20Acts.png,https://raw.githubusercontent.com/JackTBZ/TTS_Files/refs/heads/main/STDs/cardback.png,Ace of Wands,Swap any 2 Minute Hands or Hour Hands with each other,Act
Card,https://raw.githubusercontent.com/JackTBZ/TTS_Files/refs/heads/main/STDs/Acts/Two%20of%20Wands%20-%20STDs%20-%20Acts.png,https://raw.githubusercontent.com/JackTBZ/TTS_Files/refs/heads/main/STDs/cardback.png,Two of Wands,Play another Act to the next hour. Replace it if it's occupied,Act
Card,https://raw.githubusercontent.com/JackTBZ/TTS_Files/refs/heads/main/STDs/Acts/Four%20of%20Wands%20-%20STDs%20-%20Acts.png,https://raw.githubusercontent.com/JackTBZ/TTS_Files/refs/heads/main/STDs/cardback.png,Four of Wands,Discard this card and the next Act,Act
Card,https://raw.githubusercontent.com/JackTBZ/TTS_Files/refs/heads/main/STDs/Acts/Five%20of%20Wands%20-%20STDs%20-%20Acts.png,https://raw.githubusercontent.com/JackTBZ/TTS_Files/refs/heads/main/STDs/cardback.png,Five of Wands,Prophecy. Discard this card to negate an Act being played,Act
Card,https://raw.githubusercontent.com/JackTBZ/TTS_Files/refs/heads/main/STDs/Acts/Six%20of%20Wands%20-%20STDs%20-%20Acts.png,https://raw.githubusercontent.com/JackTBZ/TTS_Files/refs/heads/main/STDs/cardback.png,Six of Wands,Advance 6 hours,Act
Card,https://raw.githubusercontent.com/JackTBZ/TTS_Files/refs/heads/main/STDs/Acts/Nine%20of%20Wands%20-%20STDs%20-%20Acts.png,https://raw.githubusercontent.com/JackTBZ/TTS_Files/refs/heads/main/STDs/cardback.png,Nine of Wands,The Act on the opposite side cannot be replace or discarded,Act
Card,https://raw.githubusercontent.com/JackTBZ/TTS_Files/refs/heads/main/STDs/Acts/Ten%20of%20Wands%20-%20STDs%20-%20Acts.png,https://raw.githubusercontent.com/JackTBZ/TTS_Files/refs/heads/main/STDs/cardback.png,Ten of Wands,Rewind 3 hours,Act
Card,https://raw.githubusercontent.com/JackTBZ/TTS_Files/refs/heads/main/STDs/Acts/Queen%20of%20Wands%20-%20STDs%20-%20Acts.png,https://raw.githubusercontent.com/JackTBZ/TTS_Files/refs/heads/main/STDs/cardback.png,Queen of Wands,Set the Clock to hour 6,Act
Card,https://raw.githubusercontent.com/JackTBZ/TTS_Files/refs/heads/main/STDs/Acts/King%20of%20Wands%20-%20STDs%20-%20Acts.png,https://raw.githubusercontent.com/JackTBZ/TTS_Files/refs/heads/main/STDs/cardback.png,King of Wands,Followup. +1 to all Hands,Act
Card,https://raw.githubusercontent.com/JackTBZ/TTS_Files/refs/heads/main/STDs/Acts/Ace%20of%20Cups%20-%20STDs%20-%20Acts.png,https://raw.githubusercontent.com/JackTBZ/TTS_Files/refs/heads/main/STDs/cardback.png,Ace of Cups,All players draw 6 cards,Act
Card,https://raw.githubusercontent.com/JackTBZ/TTS_Files/refs/heads/main/STDs/Acts/Five%20of%20Cups%20-%20STDs%20-%20Acts.png,https://raw.githubusercontent.com/JackTBZ/TTS_Files/refs/heads/main/STDs/cardback.png,Five of Cups,Draw a card of choice in the discard pile,Act
Card,https://raw.githubusercontent.com/JackTBZ/TTS_Files/refs/heads/main/STDs/Acts/Seven%20of%20Cups%20-%20STDs%20-%20Acts.png,https://raw.githubusercontent.com/JackTBZ/TTS_Files/refs/heads/main/STDs/cardback.png,Seven of Cups,Play the top card of the draw pile face down,Act
Card,https://raw.githubusercontent.com/JackTBZ/TTS_Files/refs/heads/main/STDs/Acts/Nine%20of%20Cups%20-%20STDs%20-%20Acts.png,https://raw.githubusercontent.com/JackTBZ/TTS_Files/refs/heads/main/STDs/cardback.png,Nine of Cups,Start a new round,Act
Card,https://raw.githubusercontent.com/JackTBZ/TTS_Files/refs/heads/main/STDs/Acts/Ten%20of%20Cups%20-%20STDs%20-%20Acts.png,https://raw.githubusercontent.com/JackTBZ/TTS_Files/refs/heads/main/STDs/cardback.png,Ten of Cups,Advance hours equal to the Hand whom touched the Clock,Act
Card,https://raw.githubusercontent.com/JackTBZ/TTS_Files/refs/heads/main/STDs/Acts/Knight%20of%20Cups%20-%20STDs%20-%20Acts.png,https://raw.githubusercontent.com/JackTBZ/TTS_Files/refs/heads/main/STDs/cardback.png,Knight of Cups,Discard cards equal to the Hand whom touched the Clock,Act
Card,https://raw.githubusercontent.com/JackTBZ/TTS_Files/refs/heads/main/STDs/Acts/Queen%20of%20Cups%20-%20STDs%20-%20Acts.png,https://raw.githubusercontent.com/JackTBZ/TTS_Files/refs/heads/main/STDs/cardback.png,Queen of Cups,Swap this card with an Act before,Act
Card,https://raw.githubusercontent.com/JackTBZ/TTS_Files/refs/heads/main/STDs/Acts/King%20of%20Cups%20-%20STDs%20-%20Acts.png,https://raw.githubusercontent.com/JackTBZ/TTS_Files/refs/heads/main/STDs/cardback.png,King of Cups,Discard a card. Steal a card from another player's hand,Act
Card,https://raw.githubusercontent.com/JackTBZ/TTS_Files/refs/heads/main/STDs/Acts/Three%20of%20Swords%20-%20STDs%20-%20Acts.png,https://raw.githubusercontent.com/JackTBZ/TTS_Files/refs/heads/main/STDs/cardback.png,Three of Swords,Discard the next Act,Act
Card,https://raw.githubusercontent.com/JackTBZ/TTS_Files/refs/heads/main/STDs/Acts/Four%20of%20Swords%20-%20STDs%20-%20Acts.png,https://raw.githubusercontent.com/JackTBZ/TTS_Files/refs/heads/main/STDs/cardback.png,Four of Swords,Discard all cards from hour 1 to hour 6,Act
Card,https://raw.githubusercontent.com/JackTBZ/TTS_Files/refs/heads/main/STDs/Acts/Nine%20of%20Swords%20-%20STDs%20-%20Acts.png,https://raw.githubusercontent.com/JackTBZ/TTS_Files/refs/heads/main/STDs/cardback.png,Nine of Swords,Advance 3 hours. Rewind 2 hours,Act
Card,https://raw.githubusercontent.com/JackTBZ/TTS_Files/refs/heads/main/STDs/Acts/Knight%20of%20Swords%20-%20STDs%20-%20Acts.png,https://raw.githubusercontent.com/JackTBZ/TTS_Files/refs/heads/main/STDs/cardback.png,Knight of Swords,Followup. Discard a card. Advance 4 hours,Act
Card,https://raw.githubusercontent.com/JackTBZ/TTS_Files/refs/heads/main/STDs/Acts/Queen%20of%20Swords%20-%20STDs%20-%20Acts.png,https://raw.githubusercontent.com/JackTBZ/TTS_Files/refs/heads/main/STDs/cardback.png,Queen of Swords,Followup. Discard a card,Act
Card,https://raw.githubusercontent.com/JackTBZ/TTS_Files/refs/heads/main/STDs/Acts/Three%20of%20Pentacles%20-%20STDs%20-%20Acts.png,https://raw.githubusercontent.com/JackTBZ/TTS_Files/refs/heads/main/STDs/cardback.png,Three of Pentacles,Give another player a card,Act
Card,https://raw.githubusercontent.com/JackTBZ/TTS_Files/refs/heads/main/STDs/Acts/Seven%20of%20Pentacles%20-%20STDs%20-%20Acts.png,https://raw.githubusercontent.com/JackTBZ/TTS_Files/refs/heads/main/STDs/cardback.png,Seven of Pentacles,Advance 1 hour. Draw this card,Act
Card,https://raw.githubusercontent.com/JackTBZ/TTS_Files/refs/heads/main/STDs/Acts/Eight%20of%20Pentacles%20-%20STDs%20-%20Acts.png,https://raw.githubusercontent.com/JackTBZ/TTS_Files/refs/heads/main/STDs/cardback.png,Eight of Pentacles,Followup. Rewind 1 hour,Act
Card,https://raw.githubusercontent.com/JackTBZ/TTS_Files/refs/heads/main/STDs/Acts/Nine%20of%20Pentacles%20-%20STDs%20-%20Acts.png,https://raw.githubusercontent.com/JackTBZ/TTS_Files/refs/heads/main/STDs/cardback.png,Nine of Pentacles,Advance 1 hour. Advance an additional hour for each time the Clock has advanced this sequence,Act
Card,https://raw.githubusercontent.com/JackTBZ/TTS_Files/refs/heads/main/STDs/Acts/Ten%20of%20Pentacles%20-%20STDs%20-%20Acts.png,https://raw.githubusercontent.com/JackTBZ/TTS_Files/refs/heads/main/STDs/cardback.png,Ten of Pentacles,Prophecy. Discard this card to advance to the next Destiny,Act
Card,https://raw.githubusercontent.com/JackTBZ/TTS_Files/refs/heads/main/STDs/Acts/Page%20of%20Pentacles%20-%20STDs%20-%20Acts.png,https://raw.githubusercontent.com/JackTBZ/TTS_Files/refs/heads/main/STDs/cardback.png,Page of Pentacles,"While at this hour, Prophecies cannot be played",Act
Card,https://raw.githubusercontent.com/JackTBZ/TTS_Files/refs/heads/main/STDs/Acts/Knight%20of%20Pentacles%20-%20STDs%20-%20Acts.png,https://raw.githubusercontent.com/JackTBZ/TTS_Files/refs/heads/main/STDs/cardback.png,Knight of Pentacles,"Advance 1 hour. Then, discard 2 cards to activate this card again. This effect may be repeated",Act
Card,https://raw.githubusercontent.com/JackTBZ/TTS_Files/refs/heads/main/STDs/Acts/Queen%20of%20Pentacles%20-%20STDs%20-%20Acts.png,https://raw.githubusercontent.com/JackTBZ/TTS_Files/refs/heads/main/STDs/cardback.png,Queen of Pentacles,Followup. Rewind 3 hours,Act
Card,https://raw.githubusercontent.com/JackTBZ/TTS_Files/refs/heads/main/STDs/Acts/King%20of%20Pentacles%20-%20STDs%20-%20Acts.png,https://raw.githubusercontent.com/JackTBZ/TTS_Files/refs/heads/main/STDs/cardback.png,King of Pentacles,Prophecy. Discard this to negate a Hand being destroyed. Set that Hand to 1,Act
Card,https://raw.githubusercontent.com/JackTBZ/TTS_Files/refs/heads/main/STDs/Acts/Page%20of%20Swords%20-%20STDs%20-%20Acts.png,https://raw.githubusercontent.com/JackTBZ/TTS_Files/refs/heads/main/STDs/cardback.png,Page of Swords,Adjacent cards are always face up,Act
Card,https://raw.githubusercontent.com/JackTBZ/TTS_Files/refs/heads/main/STDs/Virtous%20Destinies/Wheel%20of%20Fortune%20-%20STDs%20-%20Virtous%20Destinies.png,https://raw.githubusercontent.com/JackTBZ/TTS_Files/refs/heads/main/STDs/cardback.png,Wheel of Fortune,Rotate all cards on the Clock clockwise,Destiny
Card,https://raw.githubusercontent.com/JackTBZ/TTS_Files/refs/heads/main/STDs/Virtous%20Destinies/The%20Hanged%20Man%20-%20STDs%20-%20Virtous%20Destinies.png,https://raw.githubusercontent.com/JackTBZ/TTS_Files/refs/heads/main/STDs/cardback.png,The Hanged Man,Gain another Hour Hand or Minute Hand this round,Destiny
Card,https://raw.githubusercontent.com/JackTBZ/TTS_Files/refs/heads/main/STDs/Virtous%20Destinies/The%20Magician%20-%20STDs%20-%20Virtous%20Destinies.png,https://raw.githubusercontent.com/JackTBZ/TTS_Files/refs/heads/main/STDs/cardback.png,The Magician,Swap this card with the card on the opposite side,Destiny
Card,https://raw.githubusercontent.com/JackTBZ/TTS_Files/refs/heads/main/STDs/Virtous%20Destinies/Judgement%20-%20STDs%20-%20Virtous%20Destinies.png,https://raw.githubusercontent.com/JackTBZ/TTS_Files/refs/heads/main/STDs/cardback.png,Judgement,Shuffle cards in discard to deck,Destiny
Card,https://raw.githubusercontent.com/JackTBZ/TTS_Files/refs/heads/main/STDs/Virtous%20Destinies/The%20Lovers%20-%20STDs%20-%20Virtous%20Destinies.png,https://raw.githubusercontent.com/JackTBZ/TTS_Files/refs/heads/main/STDs/cardback.png,The Lovers,Gain a Second Hand this round,Destiny
Card,https://raw.githubusercontent.com/JackTBZ/TTS_Files/refs/heads/main/STDs/Virtous%20Destinies/The%20Fool%20-%20STDs%20-%20Virtous%20Destinies.png,https://raw.githubusercontent.com/JackTBZ/TTS_Files/refs/heads/main/STDs/cardback.png,The Fool,Play all cards in hand,Destiny
Card,https://raw.githubusercontent.com/JackTBZ/TTS_Files/refs/heads/main/STDs/Virtous%20Destinies/The%20Empress%20-%20STDs%20-%20Virtous%20Destinies.png,https://raw.githubusercontent.com/JackTBZ/TTS_Files/refs/heads/main/STDs/cardback.png,The Empress,x2 all Hands,Destiny
Card,https://raw.githubusercontent.com/JackTBZ/TTS_Files/refs/heads/main/STDs/Virtous%20Destinies/Temperance%20-%20STDs%20-%20Virtous%20Destinies.png,https://raw.githubusercontent.com/JackTBZ/TTS_Files/refs/heads/main/STDs/cardback.png,Temperance,Followup. All players draw 2 cards,Destiny
Card,https://raw.githubusercontent.com/JackTBZ/TTS_Files/refs/heads/main/STDs/Virtous%20Destinies/The%20Chariot%20-%20STDs%20-%20Virtous%20Destinies.png,https://raw.githubusercontent.com/JackTBZ/TTS_Files/refs/heads/main/STDs/cardback.png,The Chariot,Extinguish the Candle of the Hand whom touched the Clock,Destiny
Card,https://raw.githubusercontent.com/JackTBZ/TTS_Files/refs/heads/main/STDs/Virtous%20Destinies/Strength%20-%20STDs%20-%20Virtous%20Destinies.png,https://raw.githubusercontent.com/JackTBZ/TTS_Files/refs/heads/main/STDs/cardback.png,Strength,Set a Hand to 5,Destiny
Card,https://raw.githubusercontent.com/JackTBZ/TTS_Files/refs/heads/main/STDs/Virtous%20Destinies/Justice%20-%20STDs%20-%20Virtous%20Destinies.png,https://raw.githubusercontent.com/JackTBZ/TTS_Files/refs/heads/main/STDs/cardback.png,Justice,Set all Hands to the amount equal to the Hand whom touched the Clock,Destiny
Card,https://raw.githubusercontent.com/JackTBZ/TTS_Files/refs/heads/main/STDs/Virtous%20Destinies/The%20Miracle%20-%20STDs%20-%20Virtous%20Destinies.png,https://raw.githubusercontent.com/JackTBZ/TTS_Files/refs/heads/main/STDs/cardback.png,The Miracle,Relit a Candle,Destiny
Card,https://raw.githubusercontent.com/JackTBZ/TTS_Files/refs/heads/main/STDs/Sinful%20Destinies/The%20Devil%20-%20STDs%20-%20Sinful%20Destinies.png,https://raw.githubusercontent.com/JackTBZ/TTS_Files/refs/heads/main/STDs/cardback.png,The Devil,Destroy the hand whom touched the Clock. Draw 6 cards,Destiny
Card,https://raw.githubusercontent.com/JackTBZ/TTS_Files/refs/heads/main/STDs/Sinful%20Destinies/The%20Tower%20-%20STDs%20-%20Sinful%20Destinies.png,https://raw.githubusercontent.com/JackTBZ/TTS_Files/refs/heads/main/STDs/cardback.png,The Tower,Attach this to a Minute Hand. -2 max hour to attached hand,Destiny
Card,https://raw.githubusercontent.com/JackTBZ/TTS_Files/refs/heads/main/STDs/Sinful%20Destinies/Death%20-%20STDs%20-%20Sinful%20Destinies.png,https://raw.githubusercontent.com/JackTBZ/TTS_Files/refs/heads/main/STDs/cardback.png,Death,Discard an Act in play,Destiny
Card,https://raw.githubusercontent.com/JackTBZ/TTS_Files/refs/heads/main/STDs/Sinful%20Destinies/The%20World%20-%20STDs%20-%20Sinful%20Destinies.png,https://raw.githubusercontent.com/JackTBZ/TTS_Files/refs/heads/main/STDs/cardback.png,The World,Advance to hour 1,Destiny
Card,https://raw.githubusercontent.com/JackTBZ/TTS_Files/refs/heads/main/STDs/Sinful%20Destinies/The%20Emperor%20-%20STDs%20-%20Sinful%20Destinies.png,https://raw.githubusercontent.com/JackTBZ/TTS_Files/refs/heads/main/STDs/cardback.png,The Emperor,Destroy any hand,Destiny
Card,https://raw.githubusercontent.com/JackTBZ/TTS_Files/refs/heads/main/STDs/Sinful%20Destinies/The%20Finale%20-%20STDs%20-%20Sinful%20Destinies.png,https://raw.githubusercontent.com/JackTBZ/TTS_Files/refs/heads/main/STDs/cardback.png,The Finale,Permanently remove this card and this hour from the game,Destiny
Card,https://raw.githubusercontent.com/JackTBZ/TTS_Files/refs/heads/main/STDs/Sinful%20Destinies/The%20High%20Priestess%20-%20STDs%20-%20Sinful%20Destinies.png,https://raw.githubusercontent.com/JackTBZ/TTS_Files/refs/heads/main/STDs/cardback.png,The High Priestess,Shuffle all cards on the clock into a deck then return them face down,Destiny
Card,https://raw.githubusercontent.com/JackTBZ/TTS_Files/refs/heads/main/STDs/Sinful%20Destinies/The%20Hermit%20-%20STDs%20-%20Sinful%20Destinies.png,https://raw.githubusercontent.com/JackTBZ/TTS_Files/refs/heads/main/STDs/cardback.png,The Hermit,Effects of Acts before and after this Act activates twice,Destiny
Card,https://raw.githubusercontent.com/JackTBZ/TTS_Files/refs/heads/main/STDs/Sinful%20Destinies/The%20Star%20-%20STDs%20-%20Sinful%20Destinies.png,https://raw.githubusercontent.com/JackTBZ/TTS_Files/refs/heads/main/STDs/cardback.png,The Star,Extinguish a candle from the player with the most lit candles (nothing on ties),Destiny
Card,https://raw.githubusercontent.com/JackTBZ/TTS_Files/refs/heads/main/STDs/Sinful%20Destinies/The%20Moon%20-%20STDs%20-%20Sinful%20Destinies.png,https://raw.githubusercontent.com/JackTBZ/TTS_Files/refs/heads/main/STDs/cardback.png,The Moon,Replace the Act on the opposite side with a Destiny card,Destiny
Card,https://raw.githubusercontent.com/JackTBZ/TTS_Files/refs/heads/main/STDs/Sinful%20Destinies/The%20Sun%20-%20STDs%20-%20Sinful%20Destinies.png,https://raw.githubusercontent.com/JackTBZ/TTS_Files/refs/heads/main/STDs/cardback.png,The Sun,Discard all face up Destinies on the Clock,Destiny
Card,https://raw.githubusercontent.com/JackTBZ/TTS_Files/refs/heads/main/STDs/Sinful%20Destinies/The%20Hierophant%20-%20STDs%20-%20Sinful%20Destinies.png,https://raw.githubusercontent.com/JackTBZ/TTS_Files/refs/heads/main/STDs/cardback.png,The Hierophant,Set all Hands to 1,Destiny